Product-Name,Image-url
Basement Door,Product_images/basement_door.jpeg
Basement Door,Product_images/basement_door1.jpeg
Basement Door,Product_images/basement_door2.jpeg
Basement Door,Product_images/basement_door3.jpeg
Ceiling tiles and panels,Product_images/ceiling.jpeg
Ceiling tiles and panels,Product_images/ceiling1.jpeg
Ceiling tiles and panels,Product_images/ceiling2.jpeg
Ceiling tiles and panels,Product_images/ceiling3.jpeg
Cabinet,Product_images/cabinet.jpeg
Cabinet,Product_images/cabinet1.jpeg
Cabinet,Product_images/cabinet2.jpeg
Cabinet,Product_images/cabinet3.jpeg
Roadway spikes,Product_images/spikes.jpeg
Roadway spikes,Product_images/spikes1.jpeg
Roadway spikes,Product_images/spikes2.jpeg
Roadway spikes,Product_images/spikes3.jpeg
Coaxial cable,Product_images/cable.jpeg
Coaxial cable,Product_images/cable1.jpeg
Coaxial cable,Product_images/cable2.jpeg
Coaxial cable,Product_images/cable3.jpeg
Structural shapes,Product_images/structural_shapes.jpeg
Structural shapes,Product_images/structural_shapes1.jpeg
Structural shapes,Product_images/structural_shapes2.jpeg
Structural shapes,Product_images/structural_shapes3.jpeg
Cranes,Product_images/cranes.jpeg
Cranes,Product_images/cranes1.jpeg
Cranes,Product_images/cranes2.jpeg
Cranes,Product_images/cranes3.jpeg
Machine screw jack,Product_images/screw_jacks.jpeg
Machine screw jack,Product_images/screw_jacks1.jpeg
Machine screw jack,Product_images/screw_jacks2.jpeg
Machine screw jack,Product_images/screw_jacks3.jpeg
Incubator,Product_images/incubator.jpeg
Incubator,Product_images/incubator1.jpeg
Incubator,Product_images/incubator2.jpeg
Incubator,Product_images/incubator3.jpeg
Resins,Product_images/resins.jpeg
Resins,Product_images/resins1.jpeg
Resins,Product_images/resins2.jpeg
Resins,Product_images/resins3.jpeg
Conveyors,Product_images/Conveyors.jpeg
Conveyors,Product_images/Conveyors1.jpeg
Conveyors,Product_images/Conveyors2.jpeg
Conveyors,Product_images/Conveyors3.jpeg
Sprockets,Product_images/Sprockets.jpeg
Sprockets,Product_images/Sprockets1.jpeg
Sprockets,Product_images/Sprockets2.jpeg
Sprockets,Product_images/Sprockets3.jpeg
Power inverters,Product_images/power_inverter.jpeg
Power inverters,Product_images/power_inverter1.jpeg
Power inverters,Product_images/power_inverter2.jpeg
Power inverters,Product_images/power_inverter3.jpeg
Ball valves,Product_images/Ball valves.jpeg
Ball valves,Product_images/Ball valves1.jpeg
Ball valves,Product_images/Ball valves2.jpeg
Ball valves,Product_images/Ball valves3.jpeg
Gear pump,Product_images/gear_pumps.jpeg
Gear pump,Product_images/gear_pumps1.jpeg
Gear pump,Product_images/gear_pumps2.jpeg
Gear pump,Product_images/gear_pumps3.jpeg
Transistor,Product_images/transistor.jpeg
Transistor,Product_images/transistor1.jpeg
Transistor,Product_images/transistor2.jpeg
Transistor,Product_images/transistor3.jpeg
Tanks stand,Product_images/Tanks_stand.jpeg
Tanks stand,Product_images/Tanks_stand1.jpeg
Tanks stand,Product_images/Tanks_stand2.jpeg
Tanks stand,Product_images/Tanks_stand3.jpeg
Beam Clamps,Product_images/Beam.jpeg
Beam Clamps,Product_images/Beam1.jpeg
Beam Clamps,Product_images/Beam2.jpeg
Beam Clamps,Product_images/Beam3.jpeg
Landscaping,Product_images/Landscaping.jpeg
Landscaping,Product_images/Landscaping1.jpeg
Landscaping,Product_images/Landscaping2.jpeg
Landscaping,Product_images/Landscaping3.jpeg
Concrete Compound,Product_images/concrete.jpeg
Concrete Compound,Product_images/concrete1.jpeg
Concrete Compound,Product_images/concrete2.jpeg
Concrete Compound,Product_images/concrete3.jpeg